"País.de.residencia","Year","Anual_pais","Gini","Correlation","Share","Contribution","RME","Effect_on_seasonality"
"Alemania",2000,38550,0.377730220492866,0.924858931657682,0.0857417383219975,0.0299536334776078,0.0153846132999488,"Unfavourable"
"Alemania",2001,40597,0.377070144756181,0.950983967990419,0.088871619181051,0.0318682661821419,0.0303958890237064,"Unfavourable"
"Alemania",2002,43367,0.362689372103212,0.96780841876606,0.091484034014079,0.0321121609544081,0.0226653276845917,"Unfavourable"
"Alemania",2003,46968,0.374155453358315,0.977152883156297,0.0883165918911499,0.0322891712766744,0.0235876295386861,"Unfavourable"
"Alemania",2004,51412,0.36160494307425,0.90392218387198,0.0876131334493283,0.0286374679693096,0.0161602135725193,"Unfavourable"
"Alemania",2005,56865,0.375630880154752,0.909091263757057,0.0907489239873033,0.0309891922630285,0.0274865727929725,"Unfavourable"
"Alemania",2006,64052,0.365023730718791,0.895589629534584,0.0978761313470422,0.0319968297578972,0.0295779372139461,"Unfavourable"
"Alemania",2007,76759,0.386257637540875,0.865216352572481,0.104903438652692,0.0350583540951733,0.0322792691539471,"Unfavourable"
"Alemania",2008,81816,0.402209429288485,0.882705388390573,0.118009689902913,0.0418972670281269,0.0518934427726144,"Unfavourable"
"Alemania",2009,81835,0.431949451131342,0.797082862820999,0.127415856645289,0.0438692163850859,0.035170706012346,"Unfavourable"
"Alemania",2010,88005,0.412805143647141,0.89962541318096,0.119768913567142,0.044478581181925,0.0214603992872469,"Unfavourable"
"Alemania",2011,96371,0.445957981827175,0.935931467883326,0.142533240648988,0.059491394652902,0.0322155805702251,"Unfavourable"
"Alemania",2012,92643,0.421399889899938,0.939933016989094,0.133870396728489,0.0530244135050973,0.0276342171179282,"Unfavourable"
"Alemania",2013,97042,0.434416713038341,0.93136712263778,0.126555997657771,0.0512047394053051,0.0193767269721083,"Unfavourable"
"Alemania",2014,114308,0.425964645227514,0.958428462383663,0.126337754661073,0.051578227217415,0.0125308069362416,"Unfavourable"
"Alemania",2015,139933,0.427582605008587,0.944971761641794,0.132444583262347,0.0535146957679469,0.0164946648642917,"Unfavourable"
"Alemania",2016,143301,0.422395866044201,0.951781286612506,0.127090369224657,0.0510939480692095,0.0154303017800281,"Unfavourable"
"Alemania",2017,136931,0.41833904180451,0.947294381898246,0.114924363484987,0.045543401751983,0.0187663555060827,"Unfavourable"
"Alemania",2018,113290,0.406143525465619,0.94331913413892,0.108544645201098,0.0415859456289918,0.0215955174291298,"Unfavourable"
"Argentina",2000,22502,0.322341717773235,0.837913602941176,0.0500482644804562,0.0135177614770859,-0.00441099976279503,"Neutral"
"Argentina",2001,19564,0.285848156477885,0.861387613995351,0.042827902496689,0.0105453457529289,-0.00336177327833079,"Neutral"
"Argentina",2002,10625,0.236823529411765,0.880178837555887,0.0224137676435905,0.00467208394246043,-0.00580587256634383,"Neutral"
"Argentina",2003,10710,0.267538126361656,0.875872498836668,0.0201386198934214,0.00471906844623621,-0.00378379691499285,"Neutral"
"Argentina",2004,12532,0.288847217789127,0.81780929140384,0.0213562551230643,0.00504481598435829,-0.00307539871609346,"Neutral"
"Australia",2000,1291,0.333526981667958,0.757693052061157,0.00287140296170425,0.000725635334048033,-0.000421588183970969,"Neutral"
"Australia",2001,1716,0.487956487956488,0.881369426751592,0.0037565263077243,0.00161556900646884,0.00228976716281128,"Neutral"
"Australia",2002,2341,0.410615121742845,0.854009536194192,0.00493841224034309,0.00173174921613341,0.00121745088965491,"Neutral"
"Australia",2003,2679,0.458037825059102,0.656230899830221,0.00503747550835442,0.00151415720533871,0.000210122261620174,"Neutral"
"Australia",2004,2582,0.405370513813581,0.830891719745223,0.0044000838435806,0.00148203185488017,0.00097034227575134,"Neutral"
"Austria",2000,3562,0.431405577390979,0.714859002169198,0.00792249213756044,0.00244325031249583,0.000326156240493225,"Neutral"
"Austria",2001,3401,0.42877094972067,0.990628035887765,0.00744518996070533,0.00316236322573819,0.00439000621270641,"Neutral"
"Austria",2002,5235,0.354552690226043,0.878866789386252,0.0110433951636891,0.00344117256175125,0.00118896914142827,"Neutral"
"Austria",2003,5342,0.503026332210159,0.888916454754078,0.010044865310052,0.00449154528964387,0.00552143319750795,"Neutral"
"Austria",2004,4012,0.4535975407112,0.898067588607015,0.00683700092193856,0.00278512923897181,0.00325544800986845,"Neutral"
"Austria",2005,6388,0.445053224796493,0.777875483644038,0.0101943924458084,0.00352925781056751,0.00327106179889472,"Neutral"
"Austria",2006,6655,0.43908089156023,0.784628546984172,0.0101693257683533,0.00350348935467949,0.00378624344874399,"Neutral"
"Austria",2007,7813,0.437316011775246,0.854149898782956,0.0106777129221783,0.00398848270241484,0.0049291480180659,"Neutral"
"Austria",2008,9161,0.443392278863297,0.805674660976961,0.0132136350982765,0.00472030586129986,0.0059282996843216,"Neutral"
"Austria",2009,8023,0.437544143919564,0.837910979228487,0.0124916895932688,0.00457974123949489,0.00448158796552596,"Neutral"
"Austria",2010,8912,0.457828396169958,0.895061476246885,0.012128635392425,0.00497012751942732,0.00365261652063402,"Neutral"
"Austria",2011,11401,0.490841446656726,0.801438506098015,0.0168621418957893,0.00663321649189751,0.00262213426908944,"Neutral"
"Austria",2012,9665,0.485713053974823,0.906733175935952,0.0139660566300837,0.00615082088815354,0.00476844483279846,"Neutral"
"Austria",2013,11588,0.420377401910022,0.940639113179143,0.0151123317827152,0.00597577001642777,0.00191852142319901,"Neutral"
"Austria",2014,13509,0.483659042120068,0.902480709138448,0.0149306848839664,0.0065171387698607,0.00261597647928165,"Neutral"
"Austria",2015,13818,0.443165918849809,0.923711284089053,0.0130785393832699,0.00535379635413709,0.00182186119204122,"Neutral"
"Austria",2016,13434,0.458041784526822,0.929117009750813,0.0119143063911908,0.00507042395088357,0.00222905600427908,"Neutral"
"Austria",2017,11936,0.420269213583557,0.965213635457506,0.0100177257345437,0.00406368619183184,0.00191105226273064,"Neutral"
"Austria",2018,11407,0.385311650740773,0.946040232827105,0.0109291973502421,0.0039839145567417,0.00153817066261479,"Neutral"
"Bélgica",2000,8650,0.504605009633912,0.868074382374279,0.0192390670943003,0.00842737863818544,0.00921257487606409,"Neutral"
"Bélgica",2001,6607,0.492419655920488,0.896160446709869,0.0144635019318965,0.00638255564920115,0.009423317134683,"Neutral"
"Bélgica",2002,9335,0.498669880378504,0.901935160487639,0.0196924725602746,0.00885704200146683,0.0117917272243858,"Unfavourable"
"Bélgica",2003,11534,0.381914340211549,0.840635641316686,0.0216880337862486,0.0069629607343921,0.00244342171479575,"Neutral"
"Bélgica",2004,13043,0.44355209691022,0.940999380608732,0.0222270695475685,0.00927718426444584,0.0113905834897636,"Unfavourable"
"Bélgica",2005,10369,0.428737904651686,0.950625152304722,0.0165475352646504,0.00674426299447245,0.00918438052069992,"Neutral"
"Bélgica",2006,11507,0.395389762753107,0.923402384746415,0.0175835359303443,0.0064198166618023,0.00798873979676503,"Neutral"
"Bélgica",2007,11498,0.389632979648635,0.936272321428571,0.015713854240267,0.00573245447997912,0.00671713683840727,"Neutral"
"Bélgica",2008,9701,0.393851149366045,0.869615476891535,0.013992519821895,0.00479242481719047,0.00544187404933231,"Neutral"
"Bélgica",2009,11508,0.405196385123393,0.843662877975552,0.0179177818570781,0.00612517846939046,0.00478314136573359,"Neutral"
"Bélgica",2010,13858,0.456487227594169,0.87899146380019,0.018859810285932,0.00756746825623647,0.00516857176843953,"Neutral"
"Bélgica",2011,11584,0.496820326887661,0.892560308128928,0.0171327999053436,0.00759740483832005,0.0051836636364437,"Neutral"
"Bélgica",2012,12259,0.419576093754249,0.971744730489445,0.017714421958427,0.00722253932243312,0.00428437722014371,"Neutral"
"Bélgica",2013,13164,0.448888382457207,0.881314342123819,0.017167650637527,0.0067917246463943,0.00218866079175322,"Neutral"
"Bélgica",2014,16118,0.46407742896141,0.901626559714795,0.0178142556043949,0.00745392163039086,0.00225458799327701,"Neutral"
"Bélgica",2015,20414,0.457921034584109,0.875481386392811,0.0193215590512427,0.00774603895735135,0.00223680359497779,"Neutral"
"Bélgica",2016,17903,0.398857733340781,0.925404661041674,0.0158777599614031,0.00586055750274341,0.000469588781761877,"Neutral"
"Bélgica",2017,17443,0.416160255307764,0.967994122306535,0.0146396774453457,0.00589745763280872,0.00267205863100574,"Neutral"
"Bélgica",2018,17125,0.379245742092457,0.931481362674023,0.0164076886668621,0.00579618568744942,0.00173104875008373,"Neutral"
"Brasil",2000,10091,0.29943348858719,0.919247635069914,0.0224440954969462,0.00617781642890293,-0.00158719221300549,"Neutral"
"Brasil",2001,8936,0.290678155774396,0.824959897337183,0.0195619575092217,0.004690914795883,-0.00200613204610602,"Neutral"
"Brasil",2002,7236,0.279413119587249,0.836287198087544,0.0152645668394373,0.00356686545481138,-0.00258540097732585,"Neutral"
"Brasil",2003,11803,0.217211725832415,0.83201690232407,0.0221938497294167,0.00401095746507864,-0.00829311909524098,"Neutral"
"Brasil",2004,11951,0.242497141103952,0.76714495212353,0.0203661510513678,0.00378872440171982,-0.00663698293737235,"Neutral"
"Cánada",2000,2317,0.346964465544526,0.759510728723956,0.00515340097774496,0.0013580408920996,-0.000568524125522292,"Neutral"
"Cánada",2001,2332,0.367995997712979,0.56554670809866,0.00510502293100995,0.00106245188501293,-0.00112877934785737,"Neutral"
"Cánada",2002,4211,0.506866935803055,0.650958497637918,0.00888323534561502,0.00293101763075752,0.00153567704566065,"Neutral"
"Cánada",2003,5100,0.393235294117647,0.725754176015956,0.00958981899686733,0.00273685912743929,-0.00010471678736962,"Neutral"
"Cánada",2004,3958,0.403865588681152,0.591596288186842,0.00674497747981875,0.00161154632897472,-0.000905230871714221,"Neutral"
"Dinamarca",2000,2472,0.488403451995685,0.876173384870238,0.00549814726671797,0.00235280074850721,0.00244513467160802,"Neutral"
"Dinamarca",2001,2297,0.336054273690321,0.941055813451366,0.0050284038046869,0.00159021172418574,0.000922989621539236,"Neutral"
"Dinamarca",2002,2286,0.284412365121026,0.851320174314278,0.00482238803136451,0.00116762544853904,-0.000671820280938487,"Neutral"
"Dinamarca",2003,2712,0.324115044247788,0.908608266970042,0.00509952727833415,0.00150177819062053,0.000105168678142774,"Neutral"
"Dinamarca",2004,6317,0.611326579072344,0.685634751084353,0.0107650385902009,0.00451213090505055,0.00558553146437308,"Neutral"
"Dinamarca",2005,4021,0.360005802868275,0.879569397271314,0.00641697746158351,0.00203193647176354,0.00133562919320654,"Neutral"
"Dinamarca",2006,4987,0.381508588998062,0.790635539398187,0.00762050001604477,0.00229860379970631,0.00153560727642873,"Neutral"
"Dinamarca",2007,5583,0.403352438951579,0.937756725752137,0.00763006159535664,0.00288604380691284,0.00366297581324758,"Neutral"
"Dinamarca",2008,6690,0.394195316392626,0.623775516652973,0.00964951629816284,0.00237271364880088,-2.7612282260869e-05,"Neutral"
"Dinamarca",2009,6172,0.407323395981853,0.836913285600636,0.00960971060322265,0.0032758961615652,0.0025313017152308,"Neutral"
"Dinamarca",2010,5582,0.409739639316852,0.790279093492676,0.00759672831693409,0.00245988649818315,0.000213954276947142,"Neutral"
"Dinamarca",2011,7181,0.426484240820684,0.839786672471497,0.010620738615355,0.00380387893846844,0.000552698558814898,"Neutral"
"Dinamarca",2012,6864,0.440098096348096,0.843310344827586,0.00991857348255507,0.00368117219504794,0.00129373900829848,"Neutral"
"Dinamarca",2013,10048,0.508376459660297,0.834545988449868,0.0131039618357545,0.0055595331713596,0.00274062272398345,"Neutral"
"Dinamarca",2014,11721,0.469890225521144,0.877653538303249,0.0129545160652136,0.00534245303559646,0.0014294363984335,"Neutral"
"Dinamarca",2015,14994,0.482904272820239,0.917618083049443,0.0141916065648248,0.0062886087291221,0.00331051397304545,"Neutral"
"Dinamarca",2016,15198,0.429354739658727,0.928075194115243,0.0134787575207174,0.00537092746055171,0.00150282473161601,"Neutral"
"Dinamarca",2017,14243,0.499221839968172,0.870424846176384,0.0119539600902401,0.00519441516266495,0.0032940247137179,"Neutral"
"Dinamarca",2018,10819,0.441098992513171,0.881851677231215,0.0103658267846296,0.00403213958815184,0.00225245792221226,"Neutral"
"Eslovaquia",2000,219,0.542237442922374,0.694035087719298,0.000487093143774772,0.000183308645050704,0.000131774497394632,"Neutral"
"Eslovaquia",2001,404,0.666666666666667,0.123762376237624,0.00088440362955747,7.29705964981411e-05,-0.000611309976868419,"Neutral"
"Eslovaquia",2002,129,0.722868217054264,0.662198391420912,0.000272129508331593,0.000130263543716867,0.000190919378007715,"Neutral"
"Eslovaquia",2003,537,0.655027932960894,0.572139303482587,0.00100975152967015,0.000378421779043049,0.000301740617125739,"Neutral"
"Eslovaquia",2004,331,0.528952668680765,0.647786768205616,0.000564069617438101,0.000193277630748554,0.000136308875127131,"Neutral"
"Estados Unidos",2000,24196,0.340717473962638,0.858685104318292,0.0538160077934903,0.0157448966428384,-0.000659720248436267,"Neutral"
"Estados Unidos",2001,26454,0.396556286383912,0.863686192269196,0.0579109247928547,0.0198345026871422,0.0163200264128196,"Unfavourable"
"Estados Unidos",2002,27073,0.392515913764021,0.860632533191132,0.0571113347214048,0.0192928922163226,0.011469267342131,"Unfavourable"
"Estados Unidos",2003,26702,0.387012208823309,0.94935810592865,0.0502092836969316,0.0184475524650849,0.0137241935113442,"Unfavourable"
"Estados Unidos",2004,24491,0.340393750085065,0.884644988454503,0.0417360392769684,0.0125678743891376,0.00380605933694086,"Neutral"
"Estados Unidos",2005,26984,0.38799535527226,0.906555445891305,0.0430628499933772,0.015146896811832,0.014728293900462,"Unfavourable"
"Estados Unidos",2006,28404,0.291431957940196,0.727142770853887,0.0434033852929087,0.00919772602364336,-0.00676576800104893,"Neutral"
"Estados Unidos",2007,26839,0.31273830371226,0.891941264656533,0.036679782045097,0.0102316123897732,0.00335633285769268,"Neutral"
"Estados Unidos",2008,24441,0.311024507998854,0.813770951864154,0.0352531880184451,0.00892267742104537,0.000930337858578718,"Neutral"
"Estados Unidos",2009,23465,0.313598266922367,0.883356171364506,0.0365346499197374,0.0101207908860334,0.000974672952423712,"Neutral"
"Estados Unidos",2010,30241,0.382871487935805,0.811574697173621,0.0411559765375141,0.0127883476911771,-0.000550149890734854,"Neutral"
"Estados Unidos",2011,32791,0.374327813526069,0.977908279303439,0.0484980698978007,0.0177531194691356,0.00364958470494726,"Neutral"
"Estados Unidos",2012,43355,0.400974512743628,0.86436956823945,0.0626485654627295,0.021713376731909,0.0034872065821917,"Neutral"
"Estados Unidos",2013,59001,0.420112935938939,0.840118341205937,0.0769453475588524,0.0271574435971905,0.000452951585888164,"Neutral"
"Estados Unidos",2014,75756,0.451999401587553,0.846069603309808,0.08372854867642,0.0320197189522474,0.00248093454031821,"Neutral"
"Estados Unidos",2015,95023,0.436093542265206,0.820531022569364,0.0899379105381718,0.0321823278500262,-0.000369771466010277,"Neutral"
"Estados Unidos",2016,101664,0.424627531213933,0.881860580041387,0.0901634691792485,0.0337628183297385,0.00401401573238176,"Neutral"
"Estados Unidos",2017,115819,0.447388453823063,0.904672455302649,0.097205343234678,0.0393428916894953,0.0182840421608121,"Unfavourable"
"Estados Unidos",2018,99914,0.418391483342341,0.865373037927749,0.0957289229466197,0.0346600646279295,0.012737203751443,"Unfavourable"
"Finlandia",2000,868,0.447388632872504,0.684978540772532,0.00193057921824887,0.000591629115269814,6.68176580026348e-05,"Neutral"
"Finlandia",2001,1066,0.437929956222639,0.386647625847911,0.00233359967601055,0.000395135780037434,-0.000854797546699342,"Neutral"
"Finlandia",2002,1368,0.446637426900585,0.517184942716858,0.00288583850695829,0.000666611818858786,-0.00051622801168345,"Neutral"
"Finlandia",2003,1737,0.355929763960852,0.704003234937323,0.00326617952893305,0.000818425238899314,-0.000429772289713622,"Neutral"
"Finlandia",2004,1530,0.482788671023965,0.340252707581227,0.00260733086006131,0.000428306638014429,-0.00105527976999758,"Neutral"
"Finlandia",2005,2004,0.337242182302062,0.973119605425401,0.00319811560134627,0.00104954791774055,0.000806306921044141,"Neutral"
"Finlandia",2006,2600,0.467564102564103,0.398135453797642,0.0039729897817759,0.000739587328607513,-0.00102696622880453,"Neutral"
"Finlandia",2007,3568,0.428204409566517,0.54696192865714,0.00487624212291465,0.00114207202934856,-0.000407334852740502,"Neutral"
"Finlandia",2008,4268,0.37187597625742,0.484406174524835,0.00615607407482197,0.00110894914507786,-0.00165902815533303,"Neutral"
"Finlandia",2009,6389,0.350067824907393,0.695741272029509,0.00994757631950575,0.00242279820282427,-0.000968285958982887,"Neutral"
"Finlandia",2010,4178,0.377134194989628,0.701502009731331,0.00568597830672709,0.0015042846709037,-0.000909542441109726,"Neutral"
"Finlandia",2011,4215,0.420027678924476,0.921393269004472,0.00623400825285078,0.0024126277491015,0.000852795774119262,"Neutral"
"Finlandia",2012,3879,0.347748560625591,0.489466856119108,0.00560520782908379,0.000954070242112032,-0.00269924931207258,"Neutral"
"Finlandia",2013,3875,0.490129032258065,0.772190777061121,0.00505352827563182,0.00191262460479235,0.000397422613155957,"Neutral"
"Finlandia",2014,6613,0.376190836231665,0.779385656382943,0.00730895100582351,0.00214296792999264,-0.00153925146316897,"Neutral"
"Finlandia",2015,8152,0.484952567877004,0.704763912310287,0.00771575141499612,0.00263706690391908,-0.000376407403166768,"Neutral"
"Finlandia",2016,7576,0.382809750087997,0.838342623987127,0.00671898058803496,0.00215629375260151,-0.000704248039129183,"Neutral"
"Finlandia",2017,5764,0.439769835762202,0.922282858833585,0.00483764838588387,0.00196211236146175,0.00092204900724432,"Neutral"
"Finlandia",2018,6151,0.429726873679077,0.838393391973265,0.00589335433517483,0.00212325870908936,0.000751227855455946,"Neutral"
"Francia",2000,36423,0.359861900447519,0.949760628659711,0.0810109295694453,0.027688131386147,0.0124668687885844,"Unfavourable"
"Francia",2001,36000,0.332842592592592,0.985478621303586,0.0788082442179924,0.0258498338094665,0.0179351822471038,"Unfavourable"
"Francia",2002,47249,0.318876237239589,0.977942355875862,0.0996732336368949,0.0310823582025952,0.0108154797808371,"Unfavourable"
"Francia",2003,53425,0.343361410076431,0.932766695891954,0.10045805488385,0.0321743128236564,0.0110481028840389,"Unfavourable"
"Francia",2004,58169,0.341311523319982,0.961980314382254,0.0991279926790239,0.0325471861560388,0.0188129665976462,"Unfavourable"
"Francia",2005,61554,0.300971504695064,0.996167548310482,0.0982319399826689,0.029451708294833,0.0141374735764518,"Unfavourable"
"Francia",2006,64736,0.289231133629923,0.964278720336116,0.0989213332742478,0.0275891032096154,0.0109752870666043,"Unfavourable"
"Francia",2007,65927,0.30076827400003,0.980869528672592,0.0900997798311082,0.0265807356547417,0.0139101597887317,"Unfavourable"
"Francia",2008,57822,0.29673538330278,0.985031132524503,0.0834012453501303,0.024377649470142,0.0154557757883252,"Unfavourable"
"Francia",2009,57798,0.360424812853963,0.978310438351561,0.089990611381248,0.0317313516029938,0.0276110193459769,"Unfavourable"
"Francia",2010,72281,0.367693446410537,0.993007804293773,0.0983696021992678,0.0359169513284975,0.0156746460918528,"Unfavourable"
"Francia",2011,73661,0.367904997216981,0.983487237202609,0.108945025364945,0.0394195642849748,0.00684520668399076,"Neutral"
"Francia",2012,75706,0.350146179519016,0.998566479512603,0.109396201059195,0.0382497513372397,0.00710695118875081,"Neutral"
"Francia",2013,78033,0.388479873899504,0.985633819078486,0.101765670176098,0.0389659633459443,0.00928672975687675,"Neutral"
"Francia",2014,97048,0.425873450938367,0.997568362092257,0.107261315169085,0.0455686698401786,0.0154271907373742,"Unfavourable"
"Francia",2015,94124,0.391255152777187,0.998311904018392,0.0890870198951294,0.0347969157186035,0.00775790073616742,"Neutral"
"Francia",2016,96838,0.381549598298189,0.983395807678255,0.0858834004994892,0.0322246778862527,0.00400361917332062,"Neutral"
"Francia",2017,93726,0.356114276365861,0.991616024927221,0.0786629827576946,0.0277781507940771,0.00287859756004752,"Neutral"
"Francia",2018,74482,0.347039105645212,0.996627742779952,0.07136218787067,0.0246819543209948,0.00587817544877765,"Neutral"
"Grecia",2000,1089,0.46181512090603,0.64142502071251,0.00242212070123619,0.000717480045491682,1.61036849508946e-07,"Neutral"
"Grecia",2001,1058,0.420289855072464,0.973388305847077,0.002316086732851,0.000947523195528362,0.00123003434731633,"Neutral"
"Grecia",2002,1113,0.355420784666068,0.747208763429534,0.00234790808351212,0.000623542226131887,-0.000131397422452028,"Neutral"
"Grecia",2003,1375,0.325272727272727,0.49357182783678,0.00258549041582207,0.000415088734031071,-0.00114692201132422,"Neutral"
"Grecia",2004,1615,0.399019607843137,0.453510927195138,0.00275218257450917,0.000498034277028052,-0.000947460037090891,"Neutral"
"Grecia",2005,1444,0.316020313942752,0.669466764061359,0.00230443060296608,0.000487537083937768,-0.000444292112458821,"Neutral"
"Grecia",2006,1237,0.294327674481272,0.806820782787823,0.00189022629232953,0.000448871441691027,-0.000102221295045777,"Neutral"
"Grecia",2007,1295,0.332625482625483,0.705552331205262,0.00176982442521706,0.000415350687179319,-0.000144564671096088,"Neutral"
"Grecia",2008,2252,0.535746003552398,0.722751761292996,0.00324823777331281,0.00125775459073214,0.00185224873238112,"Neutral"
"Grecia",2009,1955,0.414364876385337,0.775743236292563,0.00304390541628326,0.000978435240587897,0.000582337212576747,"Neutral"
"Grecia",2010,1850,0.477117117117117,0.879531722054381,0.00251772615305053,0.00105653769557742,0.000837014236280847,"Neutral"
"Grecia",2011,1581,0.40876027830487,0.877498388136686,0.0023383077218878,0.000838719378423282,0.000125329642277263,"Neutral"
"Grecia",2012,1534,0.499782703172534,0.897826086956522,0.00221665089193466,0.00099465104125273,0.000812910808243634,"Neutral"
"Grecia",2013,1876,0.493425728500355,0.849477853799064,0.0024465597535704,0.00102548586685724,0.000476059292205012,"Neutral"
"Grecia",2014,2392,0.504877369007804,0.740270494065691,0.00264373367698924,0.000988084409376413,1.65721937116625e-05,"Neutral"
"Grecia",2015,2056,0.471465629053178,0.811382393397524,0.00194597459632385,0.000744411001949761,0.00012583041604815,"Neutral"
"Grecia",2016,3734,0.388234243885021,0.827776500344907,0.00331159893290952,0.00106425246906573,-0.000342989503781362,"Neutral"
"Grecia",2017,3625,0.406873563218391,0.866546132549861,0.0030424141913305,0.0010726783092514,0.000106387367035756,"Neutral"
"Grecia",2018,3028,0.28181417877587,0.623046875,0.00290116679026327,0.000509396854961462,-0.00130704674452852,"Neutral"
"Hungría",2000,210,0.54047619047619,0.657856093979442,0.000467075617318274,0.000166071330602053,9.35971900505681e-05,"Neutral"
"Hungría",2001,315,0.72037037037037,0.155343371281675,0.000689572136907433,7.71664057967842e-05,-0.000400775599188762,"Neutral"
"Hungría",2002,396,0.777356902356902,0.782349756361668,0.00083537430464582,0.000508045399921385,0.000970578841805731,"Neutral"
"Hungría",2003,319,0.663270637408568,0.402914533280819,0.000599833776470721,0.000160300405780969,-4.42824447224011e-05,"Neutral"
"Hungría",2004,653,0.53305257784584,0.490543452238449,0.0011128019945229,0.000290981532258477,-5.83747121818559e-05,"Neutral"
"Irlanda",2000,2658,0.48539001755706,0.914998062265857,0.00591184281348558,0.00262563222021058,0.00295254445123207,"Neutral"
"Irlanda",2001,3284,0.39413317092976,0.922997682204481,0.00718906316699686,0.00261526617849338,0.00259861334537872,"Neutral"
"Irlanda",2002,3806,0.492555613942897,0.827169274537696,0.00802887526131816,0.00327117951617202,0.00359921337161279,"Neutral"
"Irlanda",2003,4022,0.435645615779877,0.949966707885475,0.00756279451086282,0.00312985367064425,0.00328430451195334,"Neutral"
"Irlanda",2004,6521,0.33827889383019,0.844509085414227,0.0111126827048757,0.00317466674164873,0.000391329933842714,"Neutral"
"Irlanda",2005,8949,0.408472082541811,0.862897526501767,0.0142814054473292,0.00503376054667988,0.00492429613591957,"Neutral"
"Irlanda",2006,9568,0.322637959866221,0.922524565381708,0.0146206023969353,0.00435169720520543,0.00271366222070302,"Neutral"
"Irlanda",2007,13718,0.396231229042135,0.890258485879864,0.0187478389692105,0.00661326671322421,0.00712975450550751,"Neutral"
"Irlanda",2008,12802,0.419621934072801,0.904256639364607,0.0184653374662303,0.00700659696129183,0.00994803785772906,"Neutral"
"Irlanda",2009,12586,0.423261295619471,0.873322278884961,0.01959621154442,0.00724361259932915,0.00724981331753417,"Neutral"
"Irlanda",2010,17089,0.479484853804592,0.924252748482106,0.0232569849889084,0.0103066862641027,0.00946901885845597,"Neutral"
"Irlanda",2011,17516,0.468752378777499,0.934211594673595,0.0259062606303522,0.0113447118157751,0.00741746674980031,"Neutral"
"Irlanda",2012,19460,0.469030489893799,0.982744138485136,0.0281199650306704,0.0129615313290994,0.0113589650278999,"Unfavourable"
"Irlanda",2013,31697,0.44530239454838,0.953571027943581,0.0413372092265037,0.0175529142447768,0.00868832807111435,"Neutral"
"Irlanda",2014,38917,0.446674974946681,0.936174190672055,0.0430126185231564,0.0179863967081537,0.00541372673782656,"Neutral"
"Irlanda",2015,43206,0.445019210294867,0.922021410306419,0.0408938610937589,0.0167794562124166,0.00580582684033674,"Neutral"
"Irlanda",2016,47162,0.446037063737755,0.931078468656906,0.0418268957883982,0.0173705218621107,0.00662617008422042,"Neutral"
"Irlanda",2017,50261,0.442263053527254,0.94870718256899,0.0421833874953,0.0176992270729262,0.00977194087150734,"Neutral"
"Irlanda",2018,48196,0.44172752925554,0.930576105591958,0.0461772241160927,0.018981659796995,0.013224486139846,"Unfavourable"
"Islandia",2000,139,0.556954436450839,0.457481162540366,0.000309159575272572,7.87726735556613e-05,-4.32154423130207e-05,"Neutral"
"Islandia",2001,116,0.535919540229885,0.179624664879357,0.000253937675813531,2.44451498268772e-05,-0.000162451302162699,"Neutral"
"Islandia",2002,438,0.694444444444444,0.630684931506849,0.000923974609684013,0.000404678377376826,0.000514538934652135,"Neutral"
"Islandia",2003,276,0.569444444444444,0.418875927889714,0.000518978439830467,0.000123790147181784,-8.99603048537588e-05,"Neutral"
"Islandia",2004,271,0.735854858548585,0.730881738403677,0.000461821348416089,0.000248378086832638,0.000438224194197131,"Neutral"
"Italia",2000,40545,0.474302215645168,0.985621861011323,0.0901789566865211,0.0421570960648508,0.0521474600135189,"Unfavourable"
"Italia",2001,40655,0.436848686098471,0.948301669004931,0.0889985880189578,0.0368689411601595,0.0489840282045803,"Unfavourable"
"Italia",2002,44857,0.50527045202904,0.963710433526118,0.0946272353118625,0.0460772566532852,0.069163966509338,"Unfavourable"
"Italia",2003,47844,0.449279603154697,0.97086964612474,0.0899637843306118,0.0392414766566256,0.0460349644570047,"Unfavourable"
"Italia",2004,58038,0.49426525150189,0.969590453005804,0.0989047506249925,0.0473986052200014,0.0728531685149982,"Unfavourable"
"Italia",2005,57236,0.423500943462157,0.984694403762454,0.0913409902987302,0.0380909292568531,0.0539903208655004,"Unfavourable"
"Italia",2006,65949,0.41460699429357,0.9645673010987,0.100774885814746,0.0403015244565536,0.0597595577555631,"Unfavourable"
"Italia",2007,72281,0.437135392887942,0.960818548419001,0.0987835361228682,0.0414898550566184,0.0635655190472806,"Unfavourable"
"Italia",2008,66618,0.403444514495582,0.963909214932407,0.0960884120704054,0.0373672350121184,0.0554443903846912,"Unfavourable"
"Italia",2009,64137,0.432736433987662,0.974982960669923,0.0998603384573705,0.0421321402677287,0.0562883331625804,"Unfavourable"
"Italia",2010,82052,0.468123872666114,0.982166334726182,0.111667279086542,0.0513418799929231,0.051354522404726,"Unfavourable"
"Italia",2011,69226,0.455823438207225,0.963566067533236,0.102385635898422,0.0449694092358964,0.0297065986297182,"Unfavourable"
"Italia",2012,71895,0.451061733546607,0.97699595784648,0.10388925415622,0.0457824869166059,0.0355575097327245,"Unfavourable"
"Italia",2013,82472,0.462720680958386,0.960623490516183,0.107554731341396,0.047808116335916,0.0286976694588248,"Unfavourable"
"Italia",2014,109916,0.50506598978614,0.950823953958251,0.121483541321049,0.0583399002999989,0.0355900627065073,"Unfavourable"
"Italia",2015,134374,0.499455499823875,0.977264995045731,0.127183069263823,0.0620781039998486,0.0455894000959409,"Unfavourable"
"Italia",2016,143369,0.481973671667748,0.936637799520261,0.12715067686457,0.0574002351997957,0.0329606542351593,"Unfavourable"
"Italia",2017,144487,0.449577355286865,0.929705951401994,0.12126601358973,0.0506861308436733,0.0275209679420367,"Unfavourable"
"Italia",2018,102983,0.435109840135427,0.891416700917042,0.0986693723783627,0.0382703150340098,0.0210947678162498,"Unfavourable"
"Japón",2000,6076,0.216589861751152,0.867021276595745,0.0135140545277421,0.00253777752076262,-0.00494627319013694,"Neutral"
"Japón",2001,5066,0.326885116462692,0.794685990338164,0.0110900712557875,0.00288087914974661,-0.000308333847623757,"Neutral"
"Japón",2002,5288,0.252521432173475,0.408012980529206,0.011155200310523,0.00114934284591212,-0.00706962187747791,"Neutral"
"Japón",2003,5729,0.265593180892535,0.297551892217537,0.0107725633398143,0.000851331480555232,-0.00782211330522131,"Neutral"
"Japón",2004,11431,0.242243314962237,0.336663757561166,0.0194799993865104,0.00158868247992952,-0.0137231043120598,"Favourable"
"Japón",2007,7616,0.308210784313726,0.547074694689009,0.0104084809439792,0.00175501894418243,-0.00354112344164742,"Neutral"
"Japón",2008,7454,0.181759234415526,0.540164841923976,0.0107514939441713,0.00105558111771881,-0.00647086775026797,"Neutral"
"Japón",2009,6804,0.163310797570057,0.575821208939553,0.0105937250395863,0.000996210817827062,-0.00690160318513903,"Neutral"
"Japón",2010,10450,0.299106858054227,0.79039138317159,0.0142217504320962,0.00336218511411424,-0.00354607057141375,"Neutral"
"Japón",2011,7956,0.258232780291604,0.820313133771396,0.0117669678907902,0.00249261729746252,-0.00444520417986087,"Neutral"
"Japón",2012,9761,0.33868626848342,0.770562879685412,0.0141047779375321,0.00368105177724633,-0.00289283222170274,"Neutral"
"Japón",2013,10368,0.24487204218107,0.747915709315302,0.013521285461097,0.00247633753308703,-0.00646376134314035,"Neutral"
"Japón",2014,13309,0.288344979587748,0.827495602701353,0.0147096369176629,0.00350978118830229,-0.0052599467783267,"Neutral"
"Japón",2015,16375,0.328239185750636,0.904122544535574,0.0154987033145929,0.00459952612616023,-0.00269754742388798,"Neutral"
"Japón",2016,16840,0.294299287410926,0.843354856066721,0.0149350096492224,0.0037068504748931,-0.00459517808482293,"Neutral"
"Japón",2017,15792,0.279941320499831,0.782884071630537,0.0132540151474459,0.00290477117688134,-0.00472718289067679,"Neutral"
"Japón",2018,12229,0.245965873470167,0.615182158193656,0.0117167664062515,0.0017729086464607,-0.0061685790056966,"Neutral"
"Luxemburgo",2000,913,0.420682730923695,0.0952484269906704,0.00203066685053135,8.13675380963184e-05,-0.00175596220495666,"Neutral"
"Luxemburgo",2001,536,0.503731343283582,0.627777777777778,0.00117336719169011,0.000371055483193047,0.000215314032233715,"Neutral"
"Luxemburgo",2002,917,0.509178480552526,0.641977512047118,0.00193443999333388,0.000632331938933295,0.000313315531851665,"Neutral"
"Luxemburgo",2003,1023,0.420250896057348,0.661949990308199,0.00192360486937162,0.00053511816788075,-6.90517922254722e-05,"Neutral"
"Luxemburgo",2004,900,0.502592592592593,0.649594694178335,0.00153372403533019,0.000500732495238355,0.000280776012270852,"Neutral"
"Luxemburgo",2005,643,0.537454639709694,0.795514829997589,0.00102614188206869,0.000438730180008373,0.000647779798286858,"Neutral"
"Luxemburgo",2006,1008,0.66385582010582,0.915566625155666,0.00154029757693465,0.000936199387038987,0.00218889752662,"Neutral"
"Luxemburgo",2007,887,0.414036076662909,0.716360335829363,0.0012122272317896,0.000359545412510313,0.00019466748818844,"Neutral"
"Luxemburgo",2008,1514,0.445728753852928,0.744875277846382,0.0021837619843675,0.000725035903220207,0.000756426719985124,"Neutral"
"Luxemburgo",2009,1365,0.493223443223443,0.86830053224409,0.00212528434436146,0.000910187403888622,0.0012480205278641,"Neutral"
"Luxemburgo",2010,986,0.632352941176471,0.754343758353382,0.00134187999292315,0.000640092180532306,0.000690553965576885,"Neutral"
"Luxemburgo",2011,872,0.554663608562691,0.876636802205376,0.00128969281055418,0.000627098339076805,0.000552333186341018,"Neutral"
"Luxemburgo",2012,953,0.509356418328087,0.903862660944206,0.00137709797914845,0.000633999725447412,0.00055397252344703,"Neutral"
"Luxemburgo",2013,1079,0.418056842755638,0.735451690375023,0.00140716309920174,0.000432647227210544,-0.000174125114755795,"Neutral"
"Luxemburgo",2014,1768,0.574000754147813,0.740187222860897,0.00195406402212248,0.000830219320108034,0.000281207894217744,"Neutral"
"Luxemburgo",2015,1790,0.454003724394786,0.891714520098441,0.00169420940049596,0.000685886636252926,0.000214713717493753,"Neutral"
"Luxemburgo",2016,2475,0.542121212121212,0.659400037264766,0.00219502071744806,0.000784664476671586,-6.28972376378115e-06,"Neutral"
"Luxemburgo",2017,1943,0.474566821067078,0.854315408947131,0.00163073400655315,0.000661148077026374,0.000310038056512394,"Neutral"
"Luxemburgo",2018,1848,0.446518759018759,0.9274893960816,0.00177059320621087,0.000733275974289352,0.000524140101003545,"Neutral"
"México",2000,6344,0.368274485077764,0.930161221286917,0.0141101319822244,0.00483349124937538,0.00220820001617364,"Neutral"
"México",2001,7534,0.385142907707282,0.913268236645606,0.0164928142205098,0.00580116242160221,0.00521813116826968,"Neutral"
"México",2002,9526,0.410683042900133,0.815788352575299,0.0200953929950911,0.0067325684173665,0.00383692313044573,"Neutral"
"México",2003,9742,0.344522000958051,0.808570861058695,0.0183184346406826,0.00510297459888858,-0.00063311238289596,"Neutral"
"México",2004,11235,0.406119270137962,0.71073731119756,0.0191459883743718,0.00552637692915502,0.000879896297322557,"Neutral"
"Noruega",2000,2729,0.400238182484427,0.833981841763943,0.00606975885553129,0.00202603316385161,0.000770324244188375,"Neutral"
"Noruega",2001,3452,0.335457705677868,0.4951065054692,0.00755683497334749,0.00125509425976803,-0.00285962414709581,"Neutral"
"Noruega",2002,3149,0.260902932147772,0.610305304797647,0.00664291334679214,0.00105775403852144,-0.00288290639793436,"Neutral"
"Noruega",2003,4273,0.228820500819097,0.908804227392824,0.00803476403404198,0.00167085359417641,-0.00224410533371712,"Neutral"
"Noruega",2004,4929,0.3189795090282,0.929188530237982,0.00839969530015831,0.00248960333920125,0.000621858963736682,"Neutral"
"Noruega",2005,5526,0.307757268669321,0.604664837318699,0.00881875589473029,0.00164108227381125,-0.00255740592941127,"Neutral"
"Noruega",2006,5761,0.209497772377481,0.453980528895947,0.00880322851261959,0.000837256660742837,-0.00546815536165769,"Neutral"
"Noruega",2007,6576,0.269287307380373,0.618352941176471,0.00898715476465435,0.00149649246765458,-0.00313140670620917,"Neutral"
"Noruega",2008,6754,0.319094857368473,0.6187456499884,0.00974182856170282,0.00192341255360241,-0.001941944667961,"Neutral"
"Noruega",2009,5779,0.2748024456365,0.5726504696437,0.00899781555023067,0.0014159479884015,-0.00375007840545554,"Neutral"
"Noruega",2010,6478,0.278069362972111,0.754533678756477,0.00881612433484397,0.00184973484487631,-0.00294280791685398,"Neutral"
"Noruega",2011,7129,0.342135409360827,0.803819741022925,0.0105438303284871,0.0028997135659316,-0.00202627025990352,"Neutral"
"Noruega",2012,7018,0.412914410563314,0.710933456030368,0.0101411055799201,0.00297696889126513,-0.00107369343079083,"Neutral"
"Noruega",2013,8193,0.432940721754343,0.897662398684365,0.0106847889450972,0.0041524787501853,0.00114971202141753,"Neutral"
"Noruega",2014,7378,0.416305231770127,0.890227359053665,0.0081544594769342,0.00302209411264531,-1.78118045406524e-05,"Neutral"
"Noruega",2015,8980,0.448700816629547,0.864741892786234,0.00849944157343782,0.00329787166915908,0.000679019030217399,"Neutral"
"Noruega",2016,9588,0.428556528994577,0.791879613855764,0.00850337722783517,0.00288575013244031,-0.000453910299381128,"Neutral"
"Noruega",2017,8607,0.476036946671314,0.834197734252649,0.00722374039856046,0.00286861190936599,0.00119694786618442,"Neutral"
"Noruega",2018,7662,0.451862002958322,0.849131083618158,0.00734106339068599,0.00281669314252828,0.00147357093116835,"Neutral"
"Nueva Zelanda",2000,388,0.70446735395189,0.85609756097561,0.000862977807235669,0.000520455687868934,0.000894130723000614,"Neutral"
"Nueva Zelanda",2001,378,0.764109347442681,0.362954414310444,0.00082748656428892,0.000229492525986654,3.13929734181449e-05,"Neutral"
"Nueva Zelanda",2002,547,0.57205971968312,0.7762982689747,0.00115391349656885,0.000512440256322089,0.000667662081945433,"Neutral"
"Nueva Zelanda",2003,672,0.559027777777778,0.664596273291926,0.00126359967958722,0.000469462380957753,0.000363410867742166,"Neutral"
"Nueva Zelanda",2004,512,0.59765625,0.904139433551198,0.000872518562321172,0.000471478129379279,0.000835972690666758,"Neutral"
"Otros países",2000,6381,0.400760068954709,0.737348062697559,0.0141924262576567,0.00419385714010341,-3.35606188901893e-05,"Neutral"
"Otros países",2001,8269,0.403283347442254,0.911187745208286,0.0181018158732939,0.0066518171502793,0.0067927187717083,"Neutral"
"Otros países",2002,14947,0.439725920474566,0.719339174094407,0.031531160938235,0.00997368711575771,0.00392238638492371,"Neutral"
"Otros países",2003,10954,0.146750045645426,0.580922757905651,0.0205974269199382,0.00175593973331528,-0.0145118861344331,"Favourable"
"Otros países",2004,14662,0.233426544809712,0.565960555149744,0.0249860686733458,0.00330091495159397,-0.0130245714792339,"Favourable"
"Otros países europeos",2000,5120,0.404947916666667,0.455948553054662,0.0113877483841408,0.00210258166780099,-0.00428923016227454,"Neutral"
"Otros países europeos",2001,4845,0.284330925352597,0.661000544431674,0.0106062762010048,0.00199337426983797,-0.00314604034367166,"Neutral"
"Otros países europeos",2002,3703,0.394162390854262,0.487410790750785,0.00781159356086735,0.00150075556371241,-0.00247684546008642,"Neutral"
"Otros países europeos",2003,7159,0.342540857661685,0.334420770041119,0.0134614733722693,0.00154204916255182,-0.00811721075669231,"Neutral"
"Otros países europeos",2004,10313,0.311588933061831,0.680713674437904,0.0175747733070669,0.00372765946327612,-0.00406688568668129,"Neutral"
"Países africanos",2000,2255,0.208314855875832,0.402164271775767,0.00501550246215575,0.000420182708119257,-0.00359692516940445,"Neutral"
"Países africanos",2001,2570,0.246887159533074,0.25164171263462,0.00562603299000668,0.000349529157226096,-0.00431791439362612,"Neutral"
"Países africanos",2002,1859,0.293123543123543,0.461079675791405,0.00392161826347621,0.000530019681924905,-0.00203755295671101,"Neutral"
"Países africanos",2003,2661,0.338751096079168,0.265600443745955,0.00500362908836548,0.000450188725130716,-0.00344341503546917,"Neutral"
"Países africanos",2004,2760,0.14963768115942,-0.100080710250202,0.00470342037501257,-7.04376964373863e-05,-0.00495866485136257,"Neutral"
"Países africanos",2005,4971,0.205877422383156,0.298265613549385,0.00793305022669277,0.000487138117420634,-0.00607443394444289,"Neutral"
"Países africanos",2006,4440,0.203791291291291,0.416835512985817,0.00678464408887884,0.00057633819718967,-0.00448889639591252,"Neutral"
"Países africanos",2007,4527,0.253313452617628,0.63461957706562,0.00618686885942674,0.000994586660580475,-0.00229506917948749,"Neutral"
"Países africanos",2008,4963,0.204261535361676,0.365392519523222,0.00715852756170137,0.000534281264889559,-0.00499189314677309,"Neutral"
"Países africanos",2009,4526,0.225916924436589,0.644824775876121,0.00704691351104759,0.00102657202274651,-0.00324226801581614,"Neutral"
"Países africanos",2010,4612,0.209092223185892,0.639647424818527,0.00627662325290219,0.000839468873192794,-0.00361112428748454,"Neutral"
"Países africanos",2011,4827,0.289983426558939,0.62005119961898,0.00713915962906542,0.0012836535380277,-0.00336858164996488,"Neutral"
"Países africanos",2012,5190,0.2878612716763,0.689759036144578,0.00749962068392495,0.00148908653464059,-0.00296408073423914,"Neutral"
"Países africanos",2013,6636,0.277777777777778,0.653164556962025,0.00865424868054007,0.00157018014035115,-0.00417925928107386,"Neutral"
"Países africanos",2014,5204,0.330002562131694,0.736510093167702,0.00575166808321572,0.00139794418023072,-0.00198786098911633,"Neutral"
"Países africanos",2015,6084,0.329278983125137,0.745091514143095,0.00575841899028906,0.00141278765277857,-0.00182642371781531,"Neutral"
"Países africanos",2016,5468,0.271854425749817,0.767686960421572,0.0048494437507095,0.00101207453551292,-0.00202637864498165,"Neutral"
"Países africanos",2017,7381,0.269690195547126,0.829363251978063,0.00619477493688564,0.00138559235734365,-0.00212742749783016,"Neutral"
"Países africanos",2018,8689,0.260741550619557,0.918784713282083,0.0083250456540943,0.00199439248277153,-0.00208374085434376,"Neutral"
"Países Bajos",2000,7735,0.4383430295195,0.951974832256003,0.0172039519045564,0.00717906344666219,0.00703325774702546,"Neutral"
"Países Bajos",2001,5691,0.366880454518831,0.929435242466573,0.0124582699401276,0.00424816570163053,0.00344055978529719,"Neutral"
"Países Bajos",2002,7380,0.450722673893406,0.843170658382604,0.0155683393138539,0.00591653148088378,0.00546320362627528,"Neutral"
"Países Bajos",2003,9458,0.419697610488475,0.906663307721375,0.0177844133475238,0.00676740364112265,0.00566930211244343,"Neutral"
"Países Bajos",2004,12535,0.515616274431591,0.758919016490672,0.0213613675365154,0.00835893800403426,0.00892884440388294,"Neutral"
"Países Bajos",2005,10912,0.381567693059629,0.77487791209671,0.0174140905398655,0.00514879589245352,0.00223051442425855,"Neutral"
"Países Bajos",2006,10663,0.393705648816781,0.891259900351351,0.0162938423242601,0.0057174124426909,0.00648052260426278,"Neutral"
"Países Bajos",2007,10814,0.363464028111707,0.899037442225332,0.0147790589454033,0.00482932013686643,0.00411798372357003,"Neutral"
"Países Bajos",2008,12066,0.329783413448257,0.788356020942408,0.0174037464355206,0.00452474329257651,0.00094513678507788,"Neutral"
"Países Bajos",2009,11833,0.317875151412716,0.947227330128276,0.018423801939069,0.00554740733474811,0.00213580601702567,"Neutral"
"Países Bajos",2010,14813,0.426421611647427,0.836594150318606,0.0201595013541284,0.00719173732177447,0.00267585204955029,"Neutral"
"Países Bajos",2011,15680,0.390104166666667,0.936568485872319,0.0231908065017083,0.00847297610420087,0.00169754239423465,"Neutral"
"Países Bajos",2012,17149,0.408512644080316,0.963172231672357,0.0247805385565759,0.00975034981371366,0.00491760193072874,"Neutral"
"Países Bajos",2013,19919,0.374018943387386,0.984116508763884,0.0259770915412414,0.0095616015315777,0.00127332667265929,"Neutral"
"Países Bajos",2014,24154,0.456501338632663,0.926086036458176,0.0266959628904674,0.0112859723328997,0.00369024517927584,"Neutral"
"Países Bajos",2015,31703,0.424505041583867,0.90771345597751,0.0300064361027505,0.0115623481679192,0.00217327487188911,"Neutral"
"Países Bajos",2016,28352,0.402487772761475,0.96357422445522,0.0251447383357929,0.00975180449918644,0.00205679478605447,"Neutral"
"Países Bajos",2017,31685,0.405651990952606,0.957584755927566,0.0265927982489123,0.0103298704365186,0.00373009711282109,"Neutral"
"Países Bajos",2018,28796,0.362324628420614,0.958738678295874,0.0275898279037058,0.00958400640786113,0.00240261626711192,"Neutral"
"Polonia",2000,3507,0.703759148369927,0.538035587669244,0.00780016280921518,0.00295351188966933,0.00217117779951529,"Neutral"
"Polonia",2001,3908,0.68568747867622,-0.00957830575942285,0.00855507273344206,-5.61873593035688e-05,-0.00876535484601263,"Neutral"
"Polonia",2002,2407,0.683319484835895,0.686173177281248,0.0050776412911174,0.00238078160938938,0.00338534260590453,"Neutral"
"Polonia",2003,3743,0.596691602101701,0.850751837617999,0.0070381750010342,0.00357283436188843,0.00534415727188217,"Neutral"
"Polonia",2004,3781,0.599378471303888,0.466446037874609,0.00644334508620381,0.0018014156840892,8.44294752877194e-05,"Neutral"
"Polonia",2005,3437,0.399209581999806,0.731551776495597,0.00548499167755845,0.00160185056629307,0.00062667447578576,"Neutral"
"Polonia",2006,5575,0.324768310911809,0.892668108804713,0.00851900693592332,0.00246974797492127,0.001318824815089,"Neutral"
"Polonia",2007,7635,0.408087753765553,0.670384337639413,0.0104344474799477,0.00285461063179315,0.000735592480853571,"Neutral"
"Polonia",2008,6584,0.388720129607128,0.890661630632977,0.00949662411167476,0.00328790319905265,0.00383658573893227,"Neutral"
"Polonia",2009,9184,0.423925667828107,0.822517123287671,0.0142993490246268,0.00498598454121624,0.00417953331748063,"Neutral"
"Polonia",2010,10157,0.402817432969053,0.817585595861254,0.0138229970467753,0.00455243448241448,0.000631987277843762,"Neutral"
"Polonia",2011,12713,0.499023309473243,0.82043636459168,0.0188025971336873,0.00769810046391473,0.00380964770516438,"Neutral"
"Polonia",2012,11984,0.39644526034713,0.92931312706097,0.0173170432131323,0.0063799759646068,0.00211543112086847,"Neutral"
"Polonia",2013,10398,0.444428415720972,0.865726548129982,0.0135604095509728,0.0052174147410007,0.00130914271159458,"Neutral"
"Polonia",2014,15244,0.418011458060002,0.86166400753276,0.0168482759916488,0.00606850350158399,-0.000509514506866839,"Neutral"
"Polonia",2015,20960,0.422534987277354,0.933889118897964,0.0198383402426789,0.00782822546551322,0.00194875951128599,"Neutral"
"Polonia",2016,24288,0.433664086517347,0.961438042945077,0.0215404699738903,0.00898110833617134,0.00351129515303009,"Neutral"
"Polonia",2017,32351,0.413632242176955,0.859867851560311,0.0271517631734436,0.00965704228661975,0.00119607376803263,"Neutral"
"Polonia",2018,16300,0.366687116564417,0.81704868663209,0.0156172452712323,0.00467894584552532,-0.000974827885629123,"Neutral"
"Portugal",2000,161610,0.268044469195388,0.848517959924898,0.359448050070506,0.0817530608280732,-0.0834418426215676,"Favourable"
"Portugal",2001,166831,0.203208136777138,0.799875619750404,0.365212727531441,0.0593621275307115,-0.143048992866503,"Favourable"
"Portugal",2002,156363,0.192395792696055,0.947407639271696,0.329852607063976,0.0601246240639835,-0.116127113192031,"Favourable"
"Portugal",2003,180419,0.245205604731209,0.93708147084918,0.339252069332511,0.0779525360370355,-0.0690928330065135,"Favourable"
"Portugal",2004,185581,0.210876023587185,0.94872821353662,0.316255600222901,0.063271370882306,-0.0869796763125146,"Favourable"
"Portugal",2005,203514,0.205761438197536,0.943427316001465,0.324781087072049,0.0630468168589419,-0.0842336197982577,"Favourable"
"Portugal",2006,200852,0.207004826107449,0.884604592245775,0.306916516788174,0.0562017606457025,-0.0830461174772025,"Favourable"
"Portugal",2007,215687,0.185567898544341,0.852923723961315,0.294770749653893,0.0466549179480241,-0.112210896466499,"Favourable"
"Portugal",2008,195143,0.150481527221918,0.912851001035799,0.281470188187203,0.0386647752268502,-0.124675559295853,"Favourable"
"Portugal",2009,165751,0.184942574504327,0.913530676656164,0.258071798800187,0.0436014149878477,-0.0964777523586995,"Favourable"
"Portugal",2010,176045,0.255622615429767,0.926912870616078,0.239585459791233,0.0567673530305711,-0.0593365838597306,"Favourable"
"Portugal",2011,151005,0.258302153350331,0.952997378535612,0.223337228047861,0.0549769768141235,-0.0618489666191899,"Favourable"
"Portugal",2012,138127,0.240618537046824,0.90861793591772,0.199595396186609,0.0436376050344274,-0.0666816290293318,"Favourable"
"Portugal",2013,132722,0.292968259469668,0.961663094727818,0.17308758188346,0.0487651350454904,-0.034107692389185,"Favourable"
"Portugal",2014,145382,0.305696945518244,0.890113516614977,0.160681977185639,0.0437223667016291,-0.0429644343183365,"Favourable"
"Portugal",2015,162009,0.241799838280589,0.959849814395269,0.153339201544665,0.0355887298792915,-0.0542905459568937,"Favourable"
"Portugal",2016,190795,0.278377752736358,0.917983171127014,0.169211708196163,0.0432413907887766,-0.0485948394029274,"Favourable"
"Portugal",2017,208224,0.271513690384714,0.806535107631171,0.174759628296718,0.0382697937369071,-0.0624202763047629,"Favourable"
"Portugal",2018,223521,0.269881800815136,0.818149417522804,0.214158422102522,0.0472869587378966,-0.0661773576500997,"Favourable"
"Reino Unido",2000,23862,0.333200625820691,0.95050833245991,0.0530731351449936,0.0168087911045078,0.00367496257226709,"Neutral"
"Reino Unido",2001,24464,0.388128133856551,0.930508504326763,0.0535545801819157,0.0193415863077973,0.0188316233998441,"Unfavourable"
"Reino Unido",2002,29574,0.296110322129799,0.877966617817787,0.0623872719333219,0.0162191296496702,-0.0047329988544593,"Neutral"
"Reino Unido",2003,33718,0.35362417699745,0.937154918158818,0.0634018660659554,0.0210114187792474,0.00941717408471147,"Neutral"
"Reino Unido",2004,39110,0.306537117531748,0.886490018350664,0.0666488300241817,0.018111292696463,-0.00101909404268694,"Neutral"
"Reino Unido",2005,40087,0.33753045459459,0.980156066195717,0.0639734830894052,0.0211645087897643,0.0167771279503595,"Unfavourable"
"Reino Unido",2006,42780,0.310756584073555,0.899216448316931,0.0653709626401434,0.0182670939158755,0.00739297859967201,"Neutral"
"Reino Unido",2007,51627,0.293426889030934,0.876513463707126,0.0705565448653908,0.0181466225508887,0.000450862165695926,"Neutral"
"Reino Unido",2008,45207,0.322451906415673,0.926322709732743,0.0652056327789309,0.0194765654260764,0.0137763561280959,"Unfavourable"
"Reino Unido",2009,32741,0.312750068721175,0.975862040902691,0.0509772415521894,0.0155583010388722,0.0066843921660486,"Neutral"
"Reino Unido",2010,32808,0.345820125172722,0.988204013279666,0.0446494916915037,0.015258554598366,0.00379978712573784,"Neutral"
"Reino Unido",2011,35841,0.362492210968816,0.970071517911549,0.053009036723707,0.0186402762782305,0.00174453437386249,"Neutral"
"Reino Unido",2012,40886,0.338436954784849,0.934007034110619,0.0590808268367929,0.0186755968508336,-0.00219768832823954,"Neutral"
"Reino Unido",2013,51860,0.387787633371899,0.932813432341046,0.0676325100320687,0.0244649454675394,0.00209221059856779,"Neutral"
"Reino Unido",2014,54945,0.402519185852519,0.947188551490786,0.0607274025427148,0.0231530245072196,0.00160950555596752,"Neutral"
"Reino Unido",2015,63583,0.411371750310618,0.962386300278773,0.0601804001741534,0.0238253323742278,0.00612899464277793,"Neutral"
"Reino Unido",2016,63178,0.385258053963933,0.987797780045056,0.0560311187421955,0.0213230372819465,0.00344703270471301,"Neutral"
"Reino Unido",2017,71488,0.389767047150105,0.953398093096147,0.059998925713058,0.0222957903618557,0.00544941870756625,"Neutral"
"Reino Unido",2018,65493,0.390210913125576,0.959429098746874,0.0627497082545285,0.023492217246421,0.0107674602684468,"Unfavourable"
"República Checa",2000,762,0.491907261592301,0.467318808359271,0.00169481723998345,0.000389600376032941,-0.000379488845910565,"Neutral"
"República Checa",2001,1362,0.549192364170338,0.314171122994652,0.00298157857291404,0.000514442705311894,-0.00105626832145624,"Neutral"
"República Checa",2002,1181,0.631174146203782,-0.0302962548910005,0.0024913561964311,-4.76402433836315e-05,-0.00266070335999109,"Neutral"
"República Checa",2003,1153,0.657776814108124,0.542907372816174,0.00216805123595844,0.000774236857247083,0.000515212820902217,"Neutral"
"República Checa",2004,895,0.38463687150838,0.410312273057371,0.00152520334624502,0.000240709466655987,-0.000652946516782806,"Neutral"
"República Checa",2005,1192,0.567114093959732,0.343688362919132,0.00190227235369499,0.000370772883256546,-0.000487633479844953,"Neutral"
"República Checa",2006,1418,0.43241654913023,0.204946996466431,0.00216680750406085,0.000192027839452502,-0.00140189643004556,"Neutral"
"República Checa",2007,2192,0.468293795620438,0.602208150673811,0.00299571825488478,0.000844823525499366,0.000310060976283128,"Neutral"
"República Checa",2008,2319,0.499101624263332,0.445748434012528,0.00334487717420622,0.000744147426531218,-0.000327186811366854,"Neutral"
"República Checa",2009,2035,0.364086814086814,0.473849960634349,0.00316846420569639,0.000546631437289061,-0.001142557801322,"Neutral"
"República Checa",2010,2699,0.459336791404224,0.912347919607448,0.00367315831734237,0.00153932869708806,0.00121455006655574,"Neutral"
"República Checa",2011,2245,0.396028210838901,0.779735682819383,0.00332036738497035,0.00102532057444574,-0.00030861143603733,"Neutral"
"República Checa",2012,2112,0.445391414141414,0.743975903614458,0.0030518687638631,0.00101126869787414,2.83078896595734e-05,"Neutral"
"República Checa",2013,2515,0.342909211398277,0.905884626533965,0.0032799028679262,0.00101885650718383,-0.000376177395888847,"Neutral"
"República Checa",2014,3004,0.397303595206391,0.884513336126239,0.00332014045387779,0.00116676484880503,-0.000178757645335749,"Neutral"
"República Checa",2015,3519,0.416903476366392,0.781766543595569,0.00333068317337725,0.00108554022248724,-0.000309465501701492,"Neutral"
"República Checa",2016,4896,0.430249183006536,0.845478281509613,0.00434215007378817,0.00157952803950505,6.37610872762087e-05,"Neutral"
"República Checa",2017,7223,0.439879551432923,0.854276496970651,0.00606216764247731,0.00227803385346726,0.00062490385504812,"Neutral"
"República Checa",2018,3905,0.365279556124626,0.983408307530525,0.00374143207264798,0.00134399330087246,0.000464496254915208,"Neutral"
"Resto América Central y Sur",2000,10883,0.324137033293516,0.756868488814344,0.024205637825118,0.00593834750129372,-0.00415720470537431,"Neutral"
"Resto América Central y Sur",2001,11161,0.334296508676045,0.771246063475756,0.0244327448254726,0.00629936916919327,-0.000857252522958544,"Neutral"
"Resto América Central y Sur",2002,10567,0.279462792971831,0.702740073934024,0.0222914148413949,0.00437780435786929,-0.0067295978150686,"Neutral"
"Resto América Central y Sur",2003,9540,0.328511530398323,0.858806636885769,0.0179386025941401,0.00506097996668008,-0.000398820665687236,"Neutral"
"Resto América Central y Sur",2004,9335,0.240555257989645,0.816083423015549,0.0159081265220081,0.00312297456119871,-0.00459143039415943,"Neutral"
"Resto de América",2005,51762,0.238157335497083,0.910363009531535,0.0826052194395638,0.017909606954146,-0.0142732907661835,"Favourable"
"Resto de América",2006,57269,0.237046511492547,0.813204014609742,0.0875112122355861,0.0168692891455372,-0.0203151946426313,"Favourable"
"Resto de América",2007,59407,0.244902396462819,0.846071013305687,0.0811891580145713,0.0168227847697611,-0.0153619043648671,"Favourable"
"Resto de América",2008,59385,0.213512110241082,0.883945765118006,0.0856556839112706,0.016166064954178,-0.0200985420359547,"Favourable"
"Resto de América",2009,55721,0.247305025633663,0.893904850599597,0.0867567538111097,0.019179069348625,-0.0156759546239728,"Favourable"
"Resto de América",2010,71589,0.321202745300721,0.864141917480566,0.0974278365247214,0.0270425336944342,-0.0115618230409409,"Favourable"
"Resto de América",2011,78307,0.300257320546056,0.953435620438991,0.115816484995489,0.0331554829199513,-0.0184262390444707,"Favourable"
"Resto de América",2012,83889,0.317917128586585,0.85737274127679,0.121220747505545,0.0330415610000458,-0.0205809818307726,"Favourable"
"Resto de América",2013,90730,0.294529556559756,0.873128929248578,0.11832428914789,0.0304285435448947,-0.0316034051516456,"Favourable"
"Resto de América",2014,94609,0.317172960993845,0.911194176995132,0.104565635220015,0.0302201121965794,-0.0232013902963062,"Favourable"
"Resto de América",2015,116074,0.315252913371355,0.915834684545173,0.109862380979423,0.031719417469602,-0.0215825893980027,"Favourable"
"Resto de América",2016,131368,0.33656471388263,0.918419197611607,0.116507265296855,0.0360132688632837,-0.0160524083632147,"Favourable"
"Resto de América",2017,151745,0.324213318395993,0.856941289659249,0.127357556265779,0.035383976450735,-0.0234893981904792,"Favourable"
"Resto de América",2018,132353,0.299221904049524,0.948724315338727,0.126809157262786,0.0359984689350955,-0.0141545925824891,"Favourable"
"Resto de Asia",2000,1651,0.414849586109429,0.727947438861175,0.00367210401996415,0.00110893389619652,7.17636212052551e-05,"Neutral"
"Resto de Asia",2001,2219,0.420196785338741,0.469300205559031,0.00485765260888125,0.000957921505529347,-0.00127261568320574,"Neutral"
"Resto de Asia",2002,2596,0.341872110939907,0.589107981220657,0.00547634266378927,0.00110293316232068,-0.00155573711332663,"Neutral"
"Resto de Asia",2003,2494,0.373162256081262,0.594018624641834,0.00468960952513473,0.00103952384354931,-0.00108694331319108,"Neutral"
"Resto de Asia",2004,2867,0.327142192768283,0.503864948911595,0.00488576312143516,0.0008053471300331,-0.00196743363478017,"Neutral"
"Resto de Europa",2005,11984,0.255924566088117,0.0149983697424193,0.0191248589653362,7.34098391526589e-05,-0.0188447726459799,"Favourable"
"Resto de Europa",2006,9399,0.288213285101252,0.820223336512136,0.0143623580611199,0.00339525085100932,-0.000837938985211567,"Neutral"
"Resto de Europa",2007,12222,0.323787705231004,0.792663409703504,0.0167033159266432,0.0042869839777362,7.15751248023082e-05,"Neutral"
"Resto de Europa",2008,10589,0.272208581232096,0.595420509410506,0.0152733524785122,0.00247548316094499,-0.00523469426131352,"Neutral"
"Resto de Europa",2009,9689,0.239334984690543,0.65601753692457,0.0150856263827972,0.00236856322993397,-0.00630733979085455,"Neutral"
"Resto de Europa",2010,9910,0.211503531786075,0.641062340966921,0.0134868465820166,0.00182864038251292,-0.00768050973813737,"Neutral"
"Resto de Europa",2011,9188,0.301462051951821,0.854503881099946,0.013589102687353,0.00350055955708715,-0.00330662973848952,"Neutral"
"Resto de Europa",2012,9783,0.251669562847116,0.933525131155864,0.0141365682371556,0.00332124338605225,-0.00402054629373947,"Neutral"
"Resto de Europa sin U.E.",2013,12850,0.305810635538262,0.895835100517432,0.0167581518301597,0.00459099459087722,-0.00367388742048014,"Neutral"
"Resto de Europa sin U.E.",2014,18246,0.263665095546056,0.879265546509614,0.0201662059658636,0.00467516448731792,-0.00757885268503044,"Neutral"
"Resto de Europa sin U.E.",2015,17656,0.273787947439964,0.910357192111433,0.0167111514945009,0.00416516806431055,-0.00511887780374647,"Neutral"
"Resto de Europa sin U.E.",2016,19707,0.305268009675073,0.914504578133008,0.0174776861732319,0.00487922803855905,-0.0038676427078422,"Neutral"
"Resto de Europa sin U.E.",2017,18455,0.224785514314097,0.919889114320725,0.0154890355588978,0.00320278788651949,-0.00608738792492333,"Neutral"
"Resto de Europa sin U.E.",2018,17631,0.241180307413079,0.865914123895193,0.0168924939495151,0.00352785267029344,-0.00585233811553546,"Neutral"
"Resto de la Unión Europea*",2005,3603,0.499144231658803,0.802511468421297,0.00574990544493544,0.00230323370341468,0.00303780282486684,"Neutral"
"Resto de la Unión Europea*",2006,3106,0.245492594977463,0.802841530054645,0.0047461947162292,0.000935435350542492,-0.00102004302543588,"Neutral"
"Resto de la Unión Europea*",2007,8392,0.350591833492215,0.669744519345154,0.0114690089393217,0.00269300311188434,-0.000931336291681279,"Neutral"
"Resto de la Unión Europea*",2008,6834,0.196761291581309,0.475706494794249,0.00985721889112778,0.000922641842360463,-0.00611569228393105,"Neutral"
"Resto de la Unión Europea*",2009,9548,0.249633431085044,0.848821760716034,0.0148660915164566,0.00315003988476236,-0.00319152334997157,"Neutral"
"Resto de la Unión Europea*",2010,9616,0.305428452579035,0.942515038020656,0.01308673226364,0.00376728952036183,-0.00112475649584157,"Neutral"
"Resto del mundo",2005,36957,0.241039135571971,0.571419216629092,0.0589784222948873,0.0081233572553657,-0.0279847399665582,"Favourable"
"Resto del mundo",2006,36312,0.268777080120438,0.782339179289264,0.0554873865214794,0.0116676013379807,-0.00901143024314707,"Neutral"
"Resto del mundo",2007,41796,0.268897342648419,0.894280248542998,0.0571209124914071,0.0137358419740398,-0.00337281037322173,"Neutral"
"Resto del mundo",2008,39681,0.257652696924641,0.907732685614613,0.0572350457739013,0.0133861196011149,-0.00295122690161381,"Neutral"
"Resto del mundo",2009,35644,0.210343956907193,0.876714460375681,0.0554971686230182,0.0102343210326339,-0.0175670842735659,"Favourable"
"Resto del mundo",2010,40359,0.20998827192613,0.859683969360564,0.054925897195117,0.00991541801058806,-0.0234422564159357,"Favourable"
"Rusia",2000,2137,0.555022617376384,-0.222932621372866,0.00475305044861501,-0.000588107513393208,-0.00673855805774597,"Neutral"
"Rusia",2001,612,0.271786492374728,0.238476953907816,0.00133974015170587,8.68350098327878e-05,-0.0010147587050059,"Neutral"
"Rusia",2002,689,0.33200290275762,0.449908925318761,0.00145346690884083,0.000217105906194779,-0.000681718764941988,"Neutral"
"Rusia",2003,1799,0.474661849175468,-0.260076119839953,0.0033827616422283,-0.000417595876252474,-0.00483001902161175,"Neutral"
"Rusia",2004,1794,0.540969899665552,0.638845955692942,0.00305722324375817,0.00105656544656079,0.000771443901491889,"Neutral"
"Rusia",2005,2512,0.605626326963907,-0.0743865030674847,0.00400881556416259,-0.000180598843422665,-0.00469786850199916,"Neutral"
"Rusia",2006,2495,0.28814295257181,0.112785441057146,0.00381254211751187,0.000123901251848332,-0.00331900201471553,"Neutral"
"Rusia",2007,2912,0.255151098901099,-0.291386271870794,0.00397971330210971,-0.000295881844061385,-0.00513749362599408,"Neutral"
"Rusia",2008,3472,0.305731566820276,0.380279478725075,0.00500794029704356,0.000582240370556811,-0.00264682058817683,"Neutral"
"Rusia",2009,2947,0.278333898880217,0.561109417860408,0.00458843440500602,0.000716602285342389,-0.00193258796034432,"Neutral"
"Rusia",2010,4455,0.372409277964834,-0.353056406650259,0.00606295676315682,-0.000797166537378027,-0.00859413647511584,"Neutral"
"Rusia",2011,5427,0.361203243044039,0.639586787399566,0.00802656293907976,0.00185430316655081,-0.0025797702654775,"Neutral"
"Rusia",2012,7142,0.31706804816578,0.420254655185103,0.0103202872687075,0.00137517129432278,-0.00613171649194769,"Neutral"
"Rusia",2013,9691,0.35324011969869,0.931936025706565,0.0126383851662317,0.00416052092421534,-0.000780964126657751,"Neutral"
"Rusia",2014,8161,0.357584854797206,0.848482252491505,0.0090198622650122,0.00273666592615598,-0.00165169780414942,"Neutral"
"Rusia",2015,9974,0.371816723481051,0.434587209563615,0.00944024835784731,0.0015254194509121,-0.00519478226976992,"Neutral"
"Rusia",2016,7781,0.322762712590498,0.809270995785911,0.00690079038483369,0.00180250371305861,-0.00187291431768045,"Neutral"
"Rusia",2017,10548,0.342703198078625,0.911752501267924,0.00885279583176666,0.00276614899464647,-0.000732883095678405,"Neutral"
"Rusia",2018,9836,0.268994848854548,0.914393700787402,0.00942400150232151,0.00231799521837636,-0.00217000570799997,"Neutral"
"Suecia",2000,1915,0.416318537859008,0.808717466290373,0.00425928479602141,0.00143403335364742,0.000582149925644592,"Neutral"
"Suecia",2001,1893,0.261181546046839,0.757626832968144,0.00414400017512943,0.00082000707814786,-0.00107511025303622,"Neutral"
"Suecia",2002,2209,0.392900256526332,0.670859337493999,0.00465995413879449,0.00122827446686876,-0.000293796825902796,"Neutral"
"Suecia",2003,2354,0.334678561314075,0.648614343135181,0.00442635959188739,0.000960862256352785,-0.00109630996697957,"Neutral"
"Suecia",2004,3008,0.349678634751773,0.661543337030582,0.00512604655363689,0.00118579589768584,-0.000829088131212422,"Neutral"
"Suecia",2005,4509,0.41792341243439,0.549551143147747,0.00719576010302911,0.00165265230280814,-0.000890266098246336,"Neutral"
"Suecia",2006,4425,0.385668549905838,0.73553396161922,0.00676172299398398,0.00191811362445161,0.000878764743345159,"Neutral"
"Suecia",2007,4415,0.354492261230653,0.827804696235557,0.00603380296319175,0.00177062164342662,0.000894607620114733,"Neutral"
"Suecia",2008,5706,0.358307045215563,0.847313931686639,0.00823021524623575,0.0024986814250898,0.00190251731113863,"Neutral"
"Suecia",2009,5634,0.424150988048752,0.702747942530339,0.00877205274441938,0.00261469658776386,0.000918444730290454,"Neutral"
"Suecia",2010,6049,0.44358571664738,0.837448367961738,0.00823228405394739,0.00305812998725259,0.00147795366592387,"Neutral"
"Suecia",2011,6932,0.388151567609156,0.830029732408325,0.0102524662416991,0.00330311232060896,-0.0005499708178014,"Neutral"
"Suecia",2012,6275,0.487078353253652,0.785914878534231,0.00906746046081484,0.00347104313124818,0.00150482961274923,"Neutral"
"Suecia",2013,6510,0.426446492575525,0.837966020291769,0.00848992750306146,0.00303385581381802,0.000156515193193983,"Neutral"
"Suecia",2014,8574,0.502079931576083,0.869874946765264,0.00947632631542882,0.00413875475575489,0.00166680424066884,"Neutral"
"Suecia",2015,8804,0.435843555959412,0.831038526690701,0.00833286009048403,0.00301818514522245,6.7191891231045e-05,"Neutral"
"Suecia",2016,10950,0.456986301369863,0.900712763122835,0.00971130378022477,0.00399730271124229,0.00143871077420757,"Neutral"
"Suecia",2017,11112,0.440739740820734,0.829130508762974,0.00932615351560402,0.00340806341873914,0.000678071713324138,"Neutral"
"Suecia",2018,8771,0.404372363470528,0.798594957825239,0.00840361093705388,0.00271377581556193,8.89511686637638e-05,"Neutral"
"Suiza",2005,9196,0.412117587356822,0.95250450767404,0.0146755843662576,0.0057608105297371,0.00730408806467342,"Neutral"
"Suiza",2006,9221,0.338493655785707,0.857802696569216,0.0140903610683675,0.0040912880993166,0.00220660703311611,"Neutral"
"Suiza",2007,9725,0.390668380462725,0.861288412186616,0.0132907664364756,0.00447205249066913,0.00420829437105613,"Neutral"
"Suiza",2008,10057,0.411197838984455,0.972997481108312,0.0145060067878361,0.00580377297529637,0.0090296383696019,"Neutral"
"Suiza",2009,9198,0.350039863738494,0.895589605549229,0.0143211468127741,0.00448956586590935,0.00231792591548658,"Neutral"
"Suiza",2010,9716,0.455880334842871,0.950933172787477,0.0132228255692103,0.00573225003062099,0.00497833353752711,"Neutral"
"Suiza",2011,12481,0.405810164783805,0.833692558284934,0.0184594678538151,0.00624522404468569,-0.000114872867833023,"Neutral"
"Suiza",2012,14506,0.416942414633025,0.930860591363774,0.0209613675608893,0.00813542667639642,0.00381795307640436,"Neutral"
"Suiza",2013,14524,0.403584871018085,0.92240545919818,0.0189412760452327,0.00705124777590417,0.00115467233628495,"Neutral"
"Suiza",2014,18505,0.379262361523913,0.973687647680452,0.0204524630822265,0.00755274849199236,-0.000117539301923951,"Neutral"
"Suiza",2015,22935,0.36047888961558,0.877896604207195,0.0217076494974161,0.00686967207425496,-0.00258834443675028,"Neutral"
"Suiza",2016,21687,0.391075298565961,0.9530729550479,0.0192337027471904,0.00716884897547962,0.000762974059476465,"Neutral"
"Suiza",2017,20699,0.36926502085447,0.936961001297413,0.0173723948541655,0.00601062145261499,0.000271528802640742,"Neutral"
"Suiza",2018,19289,0.3749243955968,0.961328831683625,0.0184810456464294,0.00666104254214261,0.00236419777919965,"Neutral"
"Suiza y Liechtenstein",2000,6062,0.389695370064885,0.962254832792437,0.0134829161532542,0.00505590821000313,0.00358631692644145,"Neutral"
"Suiza y Liechtenstein",2001,6131,0.423816125699995,0.968314037394567,0.0134214818139031,0.00550800305017093,0.00719230982519818,"Neutral"
"Suiza y Liechtenstein",2002,6179,0.417637697577817,0.954984338166435,0.0130347924959761,0.0051987635335208,0.00544529483966813,"Neutral"
"Suiza y Liechtenstein",2003,7117,0.36029928340593,0.872607325078808,0.0133824983922951,0.00420745473668112,0.00119923064853988,"Neutral"
"Suiza y Liechtenstein",2004,8113,0.400211594560171,0.960116007494289,0.0138256701095931,0.0053125076331173,0.00542521822866757,"Neutral"
"Turquía",2000,227,0.387298091042585,0.611374407582938,0.000504886500624992,0.000119549116337415,-0.000101277169427555,"Neutral"
"Turquía",2001,848,0.792256289308176,-0.196229223517737,0.00185637197491271,-0.000288598709150148,-0.0029364573712979,"Neutral"
"Turquía",2002,275,0.404545454545455,0.171535580524345,0.000580121044892931,4.02568846304489e-05,-0.000437019567198327,"Neutral"
"Turquía",2003,770,0.373376623376623,0.346666666666667,0.00144787463286036,0.000187408881049891,-0.000798373760161446,"Neutral"
"Turquía",2004,641,0.210738429537181,0.169648365206663,0.0010923523407185,3.90531583070186e-05,-0.000950835745967992,"Neutral"
"Venezuela",2000,3267,0.360447913478216,0.924846083079754,0.00726636210370858,0.00242230604870338,0.000911576422522892,"Neutral"
"Venezuela",2001,4233,0.380364595637452,0.927850525335128,0.00926653604929894,0.00327035970855544,0.0029728387300926,"Neutral"
"Venezuela",2002,3618,0.304864566058596,0.830764581444545,0.00763228341971863,0.00193303363928566,-0.00076091290124761,"Neutral"
"Venezuela",2003,3951,0.307580359402683,0.845573613111157,0.0074292891875731,0.0019322231707577,-0.000732804855423999,"Neutral"
"Venezuela",2004,4979,0.281766753698869,0.265340065340065,0.00848490219100999,0.000634365302390735,-0.00618615808646268,"Neutral"
